{
    "objects_found": 100,
    "detection_class_entities": [
        "Man",
        "Footwear",
        "Man",
        "Footwear",
        "Footwear",
        "Person",
        "Person",
        "Sports equipment",
        "Sports uniform",
        "Sports equipment",
        "Helmet",
        "Sports equipment",
        "Sports uniform",
        "Football helmet",
        "Sports equipment",
        "Baseball glove",
        "Person",
        "Footwear",
        "Person",
        "Roller skates",
        "Sports equipment",
        "Footwear",
        "Man",
        "Sports equipment",
        "Sports equipment",
        "Helmet",
        "Clothing",
        "Sports equipment",
        "Wheel",
        "Human face",
        "Boy",
        "Footwear",
        "Sports equipment",
        "Sports equipment",
        "Baseball glove",
        "Mammal",
        "Sports equipment",
        "Footwear",
        "Boy",
        "Baseball glove",
        "Footwear",
        "Mammal",
        "Sports equipment",
        "Human leg",
        "Footwear",
        "Mammal",
        "Sports equipment",
        "Baseball glove",
        "Human arm",
        "Footwear",
        "Bicycle",
        "Human leg",
        "Human face",
        "Baseball glove",
        "Horse",
        "Roller skates",
        "Sports equipment",
        "Footwear",
        "Human arm",
        "Sports equipment",
        "Clothing",
        "Sports uniform",
        "Person",
        "Roller skates",
        "Human head",
        "Person",
        "Sports equipment",
        "Baseball glove",
        "Footwear",
        "Footwear",
        "Footwear",
        "Footwear",
        "Sports equipment",
        "Human head",
        "Hiking equipment",
        "Footwear",
        "Baseball glove",
        "Skateboard",
        "Football helmet",
        "Baseball glove",
        "Fashion accessory",
        "Motorcycle",
        "Skateboard",
        "Tire",
        "Football helmet",
        "Sports equipment",
        "Sports equipment",
        "Land vehicle",
        "Footwear",
        "Roller skates",
        "Person",
        "Sports equipment",
        "Human arm",
        "Sports equipment",
        "Wheelchair",
        "Sports equipment",
        "Football helmet",
        "Sports equipment",
        "Human face",
        "Glove"
    ],
    "detection_scores": [
        0.6321389675140381,
        0.6026259064674377,
        0.562124490737915,
        0.5500532984733582,
        0.45039281249046326,
        0.35996243357658386,
        0.34724974632263184,
        0.33183756470680237,
        0.3119224011898041,
        0.31066039204597473,
        0.2347855567932129,
        0.19149355590343475,
        0.18539509177207947,
        0.17663857340812683,
        0.1425797939300537,
        0.11597244441509247,
        0.09159586578607559,
        0.08007359504699707,
        0.07289187610149384,
        0.06932254880666733,
        0.06798645108938217,
        0.06416991353034973,
        0.06035066395998001,
        0.06034217029809952,
        0.06020279601216316,
        0.06013021245598793,
        0.05825836956501007,
        0.05536933243274689,
        0.052845075726509094,
        0.04968010261654854,
        0.04726336896419525,
        0.04561777412891388,
        0.04427795112133026,
        0.04111393541097641,
        0.040103811770677567,
        0.03598017990589142,
        0.035200294107198715,
        0.03453529626131058,
        0.03303544223308563,
        0.032548531889915466,
        0.03199994936585426,
        0.028860842809081078,
        0.02775503136217594,
        0.02680225670337677,
        0.025056447833776474,
        0.024518493562936783,
        0.02417638525366783,
        0.022552084177732468,
        0.022374996915459633,
        0.021203303709626198,
        0.020320817828178406,
        0.020250532776117325,
        0.01918881945312023,
        0.01911175437271595,
        0.01886829175055027,
        0.018377576023340225,
        0.017139095813035965,
        0.016989992931485176,
        0.016878347843885422,
        0.01618669368326664,
        0.016004087403416634,
        0.01479979045689106,
        0.014724944718182087,
        0.01415990199893713,
        0.01367240957915783,
        0.013528037816286087,
        0.013478048145771027,
        0.012511925771832466,
        0.012220091186463833,
        0.011890753172338009,
        0.011774339713156223,
        0.011690475977957249,
        0.011533384211361408,
        0.010997738689184189,
        0.010922634974122047,
        0.010835817083716393,
        0.01073617022484541,
        0.010630497708916664,
        0.010424748063087463,
        0.010320305824279785,
        0.009869208559393883,
        0.009603094309568405,
        0.008946973830461502,
        0.00834992527961731,
        0.008345338515937328,
        0.008018008433282375,
        0.007994446903467178,
        0.006919415667653084,
        0.006677222903817892,
        0.006632035598158836,
        0.006449379492551088,
        0.006297850515693426,
        0.006204478442668915,
        0.006195938680320978,
        0.006080179009586573,
        0.005996481981128454,
        0.005970216356217861,
        0.005966564174741507,
        0.00596267357468605,
        0.0059558493085205555
    ],
    "inference_time": 3.176210641860962,
    "annotated_image_path": "/app/images/output/000000002340.jpg",
    "total_det_loop_time": 3.2377452850341797
}