{
    "objects_found": 100,
    "detection_class_entities": [
        "Footwear",
        "Footwear",
        "Sports equipment",
        "Woman",
        "Tennis racket",
        "Person",
        "Clothing",
        "Girl",
        "Sports equipment",
        "Sports equipment",
        "Tennis racket",
        "Sports equipment",
        "Racket",
        "Table tennis racket",
        "Human leg",
        "Human face",
        "Baseball bat",
        "Sports equipment",
        "Racket",
        "Sports equipment",
        "Human arm",
        "Baseball bat",
        "Sports equipment",
        "Human hair",
        "Baseball bat",
        "Footwear",
        "Sports equipment",
        "Human body",
        "Tennis racket",
        "Human arm",
        "Footwear",
        "Footwear",
        "Flying disc",
        "Clothing",
        "Sports equipment",
        "Sports equipment",
        "Sports equipment",
        "Baseball bat",
        "Flying disc",
        "Baseball bat",
        "Footwear",
        "Racket",
        "Baseball bat",
        "Flying disc",
        "Human leg",
        "Fashion accessory",
        "Human arm",
        "Footwear",
        "Human head",
        "Flying disc",
        "Mammal",
        "Human leg",
        "Man",
        "Flying disc",
        "Tennis racket",
        "Table tennis racket",
        "Fashion accessory",
        "Boy",
        "Sports equipment",
        "Sports equipment",
        "Flower",
        "Human leg",
        "Human arm",
        "Baseball bat",
        "Sports equipment",
        "Human arm",
        "Human arm",
        "Table tennis racket",
        "Table tennis racket",
        "Human leg",
        "Baseball bat",
        "Tennis racket",
        "Baseball bat",
        "Woman",
        "Shorts",
        "Clothing",
        "Baseball bat",
        "Human arm",
        "Footwear",
        "Tree",
        "Footwear",
        "Sports uniform",
        "Human arm",
        "Human arm",
        "Human face",
        "Human arm",
        "Human hand",
        "Human hand",
        "Sports equipment",
        "Human hair",
        "Table tennis racket",
        "Human arm",
        "Sports equipment",
        "Musical instrument",
        "Sports equipment",
        "Tree",
        "Tool",
        "Fashion accessory",
        "Clothing",
        "Sports equipment"
    ],
    "detection_scores": [
        0.7843168377876282,
        0.7801937460899353,
        0.682994544506073,
        0.6180909872055054,
        0.3027408719062805,
        0.2914801239967346,
        0.27913397550582886,
        0.14168448746204376,
        0.12116405367851257,
        0.10981061309576035,
        0.10863212496042252,
        0.09249797463417053,
        0.0763128474354744,
        0.07350245863199234,
        0.06584065407514572,
        0.06510311365127563,
        0.06437820196151733,
        0.06242654100060463,
        0.06026875227689743,
        0.054840974509716034,
        0.05106882378458977,
        0.04854602739214897,
        0.04318173602223396,
        0.04189971089363098,
        0.03442751616239548,
        0.029054976999759674,
        0.024275295436382294,
        0.022713730111718178,
        0.021865500137209892,
        0.021405033767223358,
        0.019952278584241867,
        0.01962875761091709,
        0.019439926370978355,
        0.017222117632627487,
        0.01710810698568821,
        0.01590963825583458,
        0.01550297997891903,
        0.014493828639388084,
        0.013192012906074524,
        0.012904252856969833,
        0.012453699484467506,
        0.012377121485769749,
        0.011182030662894249,
        0.01058783009648323,
        0.010067748837172985,
        0.010009320452809334,
        0.008231263607740402,
        0.008219689130783081,
        0.007919764146208763,
        0.007736591622233391,
        0.007601791061460972,
        0.0073888408951461315,
        0.006390791852027178,
        0.0061632804572582245,
        0.005515935365110636,
        0.005367838311940432,
        0.004962774459272623,
        0.00477102305740118,
        0.004603440407663584,
        0.004483515862375498,
        0.004178092814981937,
        0.004042398650199175,
        0.004012326244264841,
        0.004007125739008188,
        0.00393223762512207,
        0.0036802138201892376,
        0.003676412859931588,
        0.003675163025036454,
        0.0036585715133696795,
        0.0036532555241137743,
        0.003596242982894182,
        0.0035513786133378744,
        0.0034705845173448324,
        0.003468882292509079,
        0.0034391761291772127,
        0.003407151671126485,
        0.003285615937784314,
        0.0032510573510080576,
        0.0032242578454315662,
        0.0031893793493509293,
        0.002893121214583516,
        0.00246684392914176,
        0.002374038565903902,
        0.0022512278519570827,
        0.0021982507314532995,
        0.00207570381462574,
        0.0020497243385761976,
        0.0020078755915164948,
        0.0019481542985886335,
        0.00185828295070678,
        0.0018172503914684057,
        0.0018139560706913471,
        0.001782032079063356,
        0.001756891142576933,
        0.0017045881832018495,
        0.0016951295547187328,
        0.0016866932855919003,
        0.0016302126459777355,
        0.001615067827515304,
        0.0015784627757966518
    ],
    "inference_time": 2.5816702842712402,
    "annotated_image_path": "/app/images/output/000000003136.jpg",
    "total_det_loop_time": 2.6465275287628174
}