{
    "objects_found": 100,
    "detection_class_entities": [
        "Man",
        "Man",
        "Man",
        "Sports equipment",
        "Baseball glove",
        "Person",
        "Cricket ball",
        "Baseball bat",
        "Person",
        "Footwear",
        "Person",
        "Sports uniform",
        "Ball",
        "Sports equipment",
        "Footwear",
        "Sports equipment",
        "Baseball glove",
        "Sports equipment",
        "Clothing",
        "Sports uniform",
        "Footwear",
        "Sports equipment",
        "Footwear",
        "Ball",
        "Footwear",
        "Sports uniform",
        "Boy",
        "Mammal",
        "Musical instrument",
        "Clothing",
        "Football",
        "Boy",
        "Footwear",
        "Mammal",
        "Footwear",
        "Mammal",
        "Sports equipment",
        "Footwear",
        "Sports equipment",
        "Sports equipment",
        "Skateboard",
        "Woman",
        "Cricket ball",
        "Sports equipment",
        "Footwear",
        "Human face",
        "Footwear",
        "Boy",
        "Sports equipment",
        "Sports equipment",
        "Sports equipment",
        "Clothing",
        "Human face",
        "Sports equipment",
        "Baseball bat",
        "Footwear",
        "Footwear",
        "Human head",
        "Vehicle",
        "Sports equipment",
        "Sports equipment",
        "Sports equipment",
        "Guitar",
        "Land vehicle",
        "Human head",
        "Golf ball",
        "Sports equipment",
        "Baseball glove",
        "Weapon",
        "Sports equipment",
        "Footwear",
        "Glove",
        "Sports equipment",
        "Sports equipment",
        "Clothing",
        "Human head",
        "Volleyball",
        "Human hair",
        "Sports equipment",
        "Flying disc",
        "Paddle",
        "Bow and arrow",
        "Human body",
        "Sports equipment",
        "Footwear",
        "Footwear",
        "Sports equipment",
        "Woman",
        "Footwear",
        "Human body",
        "Musical instrument",
        "Human body",
        "Human arm",
        "Footwear",
        "Sports equipment",
        "Train",
        "Footwear",
        "Rugby ball",
        "Sports equipment",
        "Footwear"
    ],
    "detection_scores": [
        0.6830009818077087,
        0.680730938911438,
        0.6670255661010742,
        0.46747907996177673,
        0.4619079530239105,
        0.3980447053909302,
        0.36074838042259216,
        0.2599479556083679,
        0.20059245824813843,
        0.1699811965227127,
        0.16225863993167877,
        0.16034257411956787,
        0.1556389182806015,
        0.14278559386730194,
        0.11292513459920883,
        0.10474606603384018,
        0.09391418844461441,
        0.09186583012342453,
        0.09050116688013077,
        0.08332715183496475,
        0.0818290114402771,
        0.0774652436375618,
        0.07729092985391617,
        0.07663169503211975,
        0.05827558413147926,
        0.05190059542655945,
        0.05182661861181259,
        0.04551384598016739,
        0.040501926094293594,
        0.040473371744155884,
        0.04043605923652649,
        0.0402972474694252,
        0.03947705402970314,
        0.03929737210273743,
        0.039276305586099625,
        0.03771130368113518,
        0.0374494232237339,
        0.03318433091044426,
        0.03248840197920799,
        0.028659019619226456,
        0.027636617422103882,
        0.02564607560634613,
        0.025629166513681412,
        0.02220316417515278,
        0.021901125088334084,
        0.020678838714957237,
        0.019266275689005852,
        0.0181718859821558,
        0.016994725912809372,
        0.016666270792484283,
        0.016048390418291092,
        0.015994906425476074,
        0.01587977074086666,
        0.015665721148252487,
        0.015407978557050228,
        0.01455901563167572,
        0.013693085871636868,
        0.013277584686875343,
        0.012549050152301788,
        0.012534529902040958,
        0.012196652591228485,
        0.012014311738312244,
        0.012013698928058147,
        0.011929910629987717,
        0.011634779162704945,
        0.011451487429440022,
        0.011295693926513195,
        0.010472492314875126,
        0.009884756058454514,
        0.00906975008547306,
        0.008567222394049168,
        0.008115651085972786,
        0.00775919808074832,
        0.006815148051828146,
        0.006589697208255529,
        0.006414685398340225,
        0.0059010921977460384,
        0.005859883036464453,
        0.00582771236076951,
        0.005719943903386593,
        0.005707360804080963,
        0.005682135000824928,
        0.005511619616299868,
        0.005454585887491703,
        0.005435093771666288,
        0.005267072468996048,
        0.005200801882892847,
        0.00513831153512001,
        0.005002749618142843,
        0.004980847239494324,
        0.004727457650005817,
        0.00466304924339056,
        0.004512584302574396,
        0.004464922938495874,
        0.004394673742353916,
        0.004277677275240421,
        0.00421171635389328,
        0.004183252342045307,
        0.0038494241889566183,
        0.0037987970281392336
    ],
    "inference_time": 3.0714385509490967,
    "annotated_image_path": "/app/images/output/000000004164.jpg",
    "total_det_loop_time": 3.1191587448120117
}