{
    "objects_found": 100,
    "detection_class_entities": [
        "Cabinetry",
        "Cabinetry",
        "Countertop",
        "Table",
        "Cabinetry",
        "Cabinetry",
        "Countertop",
        "House",
        "Cabinetry",
        "Cabinetry",
        "Oven",
        "Cabinetry",
        "Home appliance",
        "Sink",
        "Cabinetry",
        "Cabinetry",
        "Cabinetry",
        "Cabinetry",
        "Cabinetry",
        "Cabinetry",
        "Cabinetry",
        "Countertop",
        "Drawer",
        "Cupboard",
        "Furniture",
        "Tap",
        "Cabinetry",
        "Bathroom cabinet",
        "Cabinetry",
        "Chest of drawers",
        "Desk",
        "Countertop",
        "Kitchen appliance",
        "Cabinetry",
        "Food",
        "Building",
        "Chest of drawers",
        "Cabinetry",
        "Microwave oven",
        "Cupboard",
        "House",
        "Cabinetry",
        "Furniture",
        "Cupboard",
        "Cabinetry",
        "Cabinetry",
        "Furniture",
        "Bathroom accessory",
        "Kitchen appliance",
        "Nightstand",
        "Cabinetry",
        "Furniture",
        "Home appliance",
        "Countertop",
        "Drawer",
        "Cupboard",
        "Countertop",
        "Countertop",
        "Cabinetry",
        "Countertop",
        "Desk",
        "Home appliance",
        "Kitchen appliance",
        "Bathroom accessory",
        "Cupboard",
        "Cabinetry",
        "Kitchen appliance",
        "Television",
        "Sink",
        "Food",
        "Office building",
        "Kitchen appliance",
        "Drawer",
        "Countertop",
        "Furniture",
        "Kitchen appliance",
        "Cupboard",
        "Fast food",
        "Snack",
        "Furniture",
        "Table",
        "Nightstand",
        "Cupboard",
        "Plumbing fixture",
        "Countertop",
        "Home appliance",
        "Tap",
        "Cupboard",
        "Cupboard",
        "Kitchen appliance",
        "Cabinetry",
        "House",
        "Tableware",
        "Kitchen appliance",
        "Countertop",
        "Chest of drawers",
        "Building",
        "Countertop",
        "Desk",
        "Furniture"
    ],
    "detection_scores": [
        0.6719015836715698,
        0.6335371136665344,
        0.5418031215667725,
        0.5309164524078369,
        0.5263733863830566,
        0.5193207263946533,
        0.4741747975349426,
        0.4078563153743744,
        0.384186327457428,
        0.37739571928977966,
        0.3663826286792755,
        0.3509109318256378,
        0.3079386055469513,
        0.29630279541015625,
        0.2922905683517456,
        0.29018914699554443,
        0.27119728922843933,
        0.20309481024742126,
        0.19721992313861847,
        0.1792556792497635,
        0.16901008784770966,
        0.16639268398284912,
        0.15621650218963623,
        0.13871492445468903,
        0.13535445928573608,
        0.1258934736251831,
        0.12396714091300964,
        0.12359799444675446,
        0.11824501305818558,
        0.11725149303674698,
        0.11520383507013321,
        0.11136254668235779,
        0.101744644343853,
        0.10149765014648438,
        0.09757894277572632,
        0.09712659567594528,
        0.09496603906154633,
        0.09347576647996902,
        0.08908184617757797,
        0.08900818973779678,
        0.08831356465816498,
        0.08686328679323196,
        0.08045446872711182,
        0.07792476564645767,
        0.07291329652070999,
        0.0671989843249321,
        0.06714681535959244,
        0.06555279344320297,
        0.06547360867261887,
        0.054948799312114716,
        0.05054585263133049,
        0.04633869603276253,
        0.0444042906165123,
        0.04061441123485565,
        0.04061369225382805,
        0.04026736691594124,
        0.03972926735877991,
        0.03893531113862991,
        0.03763069957494736,
        0.03758274018764496,
        0.03577638417482376,
        0.03546404093503952,
        0.034728001803159714,
        0.032064035534858704,
        0.031088747084140778,
        0.030840693041682243,
        0.03056224249303341,
        0.02976338192820549,
        0.028077319264411926,
        0.027012579143047333,
        0.023616312071681023,
        0.0235586017370224,
        0.02342858910560608,
        0.02295677736401558,
        0.02244117483496666,
        0.02185479737818241,
        0.02167189121246338,
        0.021122979000210762,
        0.02002803608775139,
        0.019945550709962845,
        0.019684670493006706,
        0.01957668550312519,
        0.019427595660090446,
        0.01903596892952919,
        0.018797773867845535,
        0.018704432994127274,
        0.018214840441942215,
        0.01809162087738514,
        0.017997201532125473,
        0.01792595535516739,
        0.017327500507235527,
        0.01730228401720524,
        0.017203912138938904,
        0.01686416193842888,
        0.01674521155655384,
        0.01674356497824192,
        0.016137422993779182,
        0.015953510999679565,
        0.015349132940173149,
        0.015269968658685684
    ],
    "inference_time": 2.953294515609741,
    "annotated_image_path": "/app/images/output/000000006629.jpg",
    "total_det_loop_time": 3.0123777389526367
}