{
    "objects_found": 100,
    "detection_class_entities": [
        "Girl",
        "Home appliance",
        "Gas stove",
        "Kitchen appliance",
        "Home appliance",
        "Clothing",
        "Girl",
        "Furniture",
        "Furniture",
        "Person",
        "Gas stove",
        "Footwear",
        "Home appliance",
        "Gas stove",
        "Kitchen appliance",
        "Kitchen appliance",
        "Human hand",
        "Footwear",
        "Kitchen appliance",
        "Home appliance",
        "Oven",
        "Shelf",
        "Kitchen appliance",
        "Footwear",
        "Kitchen appliance",
        "Footwear",
        "Computer mouse",
        "Woman",
        "Human hand",
        "Footwear",
        "Gas stove",
        "Home appliance",
        "Kitchen appliance",
        "Human arm",
        "Clothing",
        "Shelf",
        "Kitchen appliance",
        "Kitchen appliance",
        "Clothing",
        "Microwave oven",
        "Medical equipment",
        "Kitchen appliance",
        "Footwear",
        "Home appliance",
        "Person",
        "Countertop",
        "Desk",
        "Human leg",
        "Furniture",
        "Clothing",
        "Fashion accessory",
        "Refrigerator",
        "Footwear",
        "Woman",
        "Furniture",
        "Bathroom accessory",
        "Tap",
        "Table",
        "Shelf",
        "Table",
        "Furniture",
        "Home appliance",
        "Human hand",
        "Office supplies",
        "Human body",
        "Refrigerator",
        "Furniture",
        "Shelf",
        "Kitchen appliance",
        "Clothing",
        "Plumbing fixture",
        "Box",
        "Human leg",
        "Cabinetry",
        "Footwear",
        "Office supplies",
        "Footwear",
        "Medical equipment",
        "Footwear",
        "Clothing",
        "Countertop",
        "Office building",
        "Desk",
        "Microwave oven",
        "Human arm",
        "Home appliance",
        "Cabinetry",
        "Human body",
        "Mammal",
        "Human head",
        "Mammal",
        "Home appliance",
        "Human arm",
        "Washing machine",
        "Human arm",
        "Wheel",
        "Boy",
        "Human hair",
        "Boy",
        "Sink"
    ],
    "detection_scores": [
        0.677310049533844,
        0.625846803188324,
        0.5685698986053467,
        0.41393592953681946,
        0.33857131004333496,
        0.28232601284980774,
        0.22509388625621796,
        0.21927820146083832,
        0.21862931549549103,
        0.20437178015708923,
        0.20416440069675446,
        0.17047777771949768,
        0.1534116417169571,
        0.14871738851070404,
        0.14585721492767334,
        0.11884592473506927,
        0.11784154176712036,
        0.11755219846963882,
        0.1082511842250824,
        0.09866385906934738,
        0.09705046564340591,
        0.08963197469711304,
        0.08903828263282776,
        0.08457116037607193,
        0.08080143481492996,
        0.07718057185411453,
        0.07379049807786942,
        0.07160866260528564,
        0.07140249013900757,
        0.07048935443162918,
        0.0645756646990776,
        0.06448297202587128,
        0.06105769798159599,
        0.05875781923532486,
        0.057348575443029404,
        0.057019781321287155,
        0.054435234516859055,
        0.04797316715121269,
        0.0442669577896595,
        0.04410939663648605,
        0.04373043775558472,
        0.042428649961948395,
        0.041941430419683456,
        0.04147862270474434,
        0.040276024490594864,
        0.03981298580765724,
        0.0379263274371624,
        0.03569391369819641,
        0.03529740124940872,
        0.03465956449508667,
        0.03362923115491867,
        0.03128320351243019,
        0.030469540506601334,
        0.030393727123737335,
        0.029111213982105255,
        0.02905375137925148,
        0.02894696779549122,
        0.028407350182533264,
        0.02801278978586197,
        0.02795991115272045,
        0.0247763954102993,
        0.02471742033958435,
        0.024533351883292198,
        0.024430235847830772,
        0.024287493899464607,
        0.023884691298007965,
        0.023121200501918793,
        0.02295728400349617,
        0.02272629179060459,
        0.021851111203432083,
        0.02174801379442215,
        0.021601730957627296,
        0.01945270411670208,
        0.01942451298236847,
        0.019327424466609955,
        0.018927648663520813,
        0.018312983214855194,
        0.01810678467154503,
        0.017757520079612732,
        0.016926446929574013,
        0.016546044498682022,
        0.015360008925199509,
        0.015133185312151909,
        0.015058377757668495,
        0.014121764339506626,
        0.013548783957958221,
        0.013234755024313927,
        0.012587781995534897,
        0.012555120512843132,
        0.012377781793475151,
        0.012122885324060917,
        0.012113222852349281,
        0.011971531435847282,
        0.011800890788435936,
        0.011647830717265606,
        0.011313477531075478,
        0.011170470155775547,
        0.010935288853943348,
        0.010847081430256367,
        0.010480837896466255
    ],
    "inference_time": 3.056993246078491,
    "annotated_image_path": "/app/images/output/000000000492.jpg",
    "total_det_loop_time": 3.1160030364990234
}