{
    "objects_found": 100,
    "detection_class_entities": [
        "Bicycle helmet",
        "Kitchen appliance",
        "Helmet",
        "Cabinetry",
        "Cabinetry",
        "Countertop",
        "Countertop",
        "Cabinetry",
        "Countertop",
        "House",
        "Cabinetry",
        "Cabinetry",
        "Cupboard",
        "Sink",
        "Table",
        "Desk",
        "Cabinetry",
        "Cupboard",
        "Cabinetry",
        "Cabinetry",
        "Cabinetry",
        "Oven",
        "Building",
        "Cabinetry",
        "Toy",
        "Cabinetry",
        "Cupboard",
        "Bicycle helmet",
        "Desk",
        "Cabinetry",
        "Microwave oven",
        "Cabinetry",
        "Cabinetry",
        "Home appliance",
        "Cabinetry",
        "Kitchen appliance",
        "Shelf",
        "Cabinetry",
        "Cabinetry",
        "Home appliance",
        "Cabinetry",
        "Gas stove",
        "Cabinetry",
        "Furniture",
        "Toy",
        "Cabinetry",
        "Cupboard",
        "Sink",
        "Home appliance",
        "Gas stove",
        "Sink",
        "Cabinetry",
        "Kitchen appliance",
        "Bathroom accessory",
        "Cupboard",
        "Furniture",
        "Countertop",
        "Furniture",
        "Cupboard",
        "Shelf",
        "Cupboard",
        "Cupboard",
        "Gas stove",
        "Cabinetry",
        "Microwave oven",
        "Kitchen appliance",
        "Countertop",
        "Oven",
        "Cabinetry",
        "Wardrobe",
        "Kitchen appliance",
        "Gas stove",
        "Table",
        "Countertop",
        "Kitchen appliance",
        "Kitchen appliance",
        "Home appliance",
        "Kitchen appliance",
        "Cabinetry",
        "Toy",
        "Cupboard",
        "Home appliance",
        "Home appliance",
        "Countertop",
        "Cabinetry",
        "Countertop",
        "Cabinetry",
        "Land vehicle",
        "Furniture",
        "Cupboard",
        "Shelf",
        "Sports equipment",
        "Home appliance",
        "Kitchen appliance",
        "Furniture",
        "Home appliance",
        "Book",
        "Oven",
        "Furniture",
        "Kitchen appliance"
    ],
    "detection_scores": [
        0.6573476195335388,
        0.6282492876052856,
        0.6156113147735596,
        0.5795660614967346,
        0.5430487394332886,
        0.5307067036628723,
        0.5101288557052612,
        0.48020246624946594,
        0.4563065469264984,
        0.3335750997066498,
        0.3204338252544403,
        0.3123745024204254,
        0.3116835653781891,
        0.2933846414089203,
        0.28293654322624207,
        0.24040012061595917,
        0.23816947638988495,
        0.23455941677093506,
        0.22324062883853912,
        0.21444635093212128,
        0.19501172006130219,
        0.18841761350631714,
        0.1697477400302887,
        0.1641860455274582,
        0.15633253753185272,
        0.14590482413768768,
        0.13592083752155304,
        0.12725615501403809,
        0.12638327479362488,
        0.1175173670053482,
        0.11705753952264786,
        0.11459694057703018,
        0.10643477737903595,
        0.1030261293053627,
        0.10090068727731705,
        0.0998639166355133,
        0.09443508833646774,
        0.09315174072980881,
        0.09013105183839798,
        0.08132277429103851,
        0.07664480060338974,
        0.07511292397975922,
        0.07049504667520523,
        0.06840605288743973,
        0.0672430545091629,
        0.06644845753908157,
        0.06240728870034218,
        0.06072136014699936,
        0.05712386593222618,
        0.05702488124370575,
        0.05433962121605873,
        0.053713079541921616,
        0.05227886885404587,
        0.051363665610551834,
        0.05012940987944603,
        0.05008092522621155,
        0.0450395829975605,
        0.04385098069906235,
        0.04306695982813835,
        0.04100072756409645,
        0.04061729088425636,
        0.039265941828489304,
        0.039196353405714035,
        0.03773276507854462,
        0.03758280351758003,
        0.037522558122873306,
        0.03581074997782707,
        0.035220831632614136,
        0.03514065593481064,
        0.03452116996049881,
        0.034210558980703354,
        0.0316900797188282,
        0.03072489984333515,
        0.02922884374856949,
        0.028212297707796097,
        0.028127659112215042,
        0.02682235836982727,
        0.026709167286753654,
        0.026349928230047226,
        0.025803128257393837,
        0.025643207132816315,
        0.024837592616677284,
        0.023562481626868248,
        0.02329045534133911,
        0.023213205859065056,
        0.022783394902944565,
        0.022683706134557724,
        0.022431403398513794,
        0.022313889116048813,
        0.021910956129431725,
        0.02181049808859825,
        0.0214658472687006,
        0.02138921245932579,
        0.02126220054924488,
        0.02097543142735958,
        0.020964231342077255,
        0.020841721445322037,
        0.020341401919722557,
        0.02028031460940838,
        0.02003137581050396
    ],
    "inference_time": 2.9457814693450928,
    "annotated_image_path": "/app/images/output/000000000809.jpg",
    "total_det_loop_time": 2.9949569702148438
}