{
    "objects_found": 100,
    "detection_class_entities": [
        "Laptop",
        "Medical equipment",
        "Computer keyboard",
        "Computer monitor",
        "Laptop",
        "Computer keyboard",
        "Medical equipment",
        "Office supplies",
        "Desk",
        "Chair",
        "Office supplies",
        "Furniture",
        "Adhesive tape",
        "Computer monitor",
        "Toilet",
        "Medical equipment",
        "Tool",
        "Medical equipment",
        "Medical equipment",
        "Medical equipment",
        "Power plugs and sockets",
        "Medical equipment",
        "Computer monitor",
        "Hand dryer",
        "Laptop",
        "Office supplies",
        "Desk",
        "Calculator",
        "Office supplies",
        "Home appliance",
        "Medical equipment",
        "Laptop",
        "Television",
        "Office building",
        "Computer keyboard",
        "Television",
        "Auto part",
        "Medical equipment",
        "Mobile phone",
        "Office supplies",
        "Ipod",
        "Bathroom accessory",
        "Furniture",
        "Office supplies",
        "Home appliance",
        "Tableware",
        "Office supplies",
        "Printer",
        "Box",
        "Home appliance",
        "Corded phone",
        "Bidet",
        "Table",
        "Furniture",
        "Office supplies",
        "Table",
        "Furniture",
        "Office supplies",
        "Power plugs and sockets",
        "Computer keyboard",
        "Medical equipment",
        "Sewing machine",
        "Computer keyboard",
        "Computer monitor",
        "Land vehicle",
        "Auto part",
        "Computer keyboard",
        "Power plugs and sockets",
        "Human arm",
        "Printer",
        "Box",
        "Tablet computer",
        "Auto part",
        "Serving tray",
        "Power plugs and sockets",
        "Tool",
        "Bowling equipment",
        "Chair",
        "Seat belt",
        "Chair",
        "Window",
        "Human arm",
        "Wheel",
        "Book",
        "Office supplies",
        "Office supplies",
        "Television",
        "Fashion accessory",
        "Furniture",
        "Bowling equipment",
        "Headphones",
        "Bowling equipment",
        "Desk",
        "Bowling equipment",
        "Calculator",
        "Cosmetics",
        "Headphones",
        "Hand dryer",
        "Furniture",
        "Treadmill"
    ],
    "detection_scores": [
        0.978340208530426,
        0.8325390815734863,
        0.31265735626220703,
        0.2659832537174225,
        0.21880753338336945,
        0.19256556034088135,
        0.14406806230545044,
        0.13869279623031616,
        0.08357957750558853,
        0.046132881194353104,
        0.03768429532647133,
        0.035780198872089386,
        0.032624728977680206,
        0.03045819327235222,
        0.029333626851439476,
        0.024499597027897835,
        0.023991981521248817,
        0.021734122186899185,
        0.0215293038636446,
        0.021184753626585007,
        0.019340286031365395,
        0.018083203583955765,
        0.017796048894524574,
        0.017406830564141273,
        0.017287570983171463,
        0.01679300330579281,
        0.016223732382059097,
        0.014383984729647636,
        0.013728422112762928,
        0.012036499567329884,
        0.011755361221730709,
        0.010693558491766453,
        0.010181206278502941,
        0.00982468482106924,
        0.009823448024690151,
        0.009183041751384735,
        0.009153522551059723,
        0.008488524705171585,
        0.008467544801533222,
        0.008317552506923676,
        0.007967227138578892,
        0.007890735752880573,
        0.007875903509557247,
        0.007673477753996849,
        0.007111003622412682,
        0.006932245101779699,
        0.006879060063511133,
        0.006087087094783783,
        0.005804028362035751,
        0.00574625376611948,
        0.005518634803593159,
        0.005497757811099291,
        0.00543222576379776,
        0.0052032857201993465,
        0.005079138092696667,
        0.004709586501121521,
        0.0044443802908062935,
        0.004183855373412371,
        0.004091810435056686,
        0.004067760426551104,
        0.004052912816405296,
        0.003810312831774354,
        0.0037357723340392113,
        0.003704485483467579,
        0.00355342635884881,
        0.0035211092326790094,
        0.0034686329308897257,
        0.0034503680653870106,
        0.0033841843251138926,
        0.0033812550827860832,
        0.003325861878693104,
        0.003318032016977668,
        0.0033096130937337875,
        0.0032759171444922686,
        0.0032311929389834404,
        0.0032310867682099342,
        0.003210183000192046,
        0.003201964544132352,
        0.003192414529621601,
        0.003189119976013899,
        0.0031783857848495245,
        0.0031161217484623194,
        0.0030988138169050217,
        0.0030964587349444628,
        0.0030765102710574865,
        0.0030464245937764645,
        0.003028695937246084,
        0.0030061558354645967,
        0.0028949857223778963,
        0.0028758759144693613,
        0.0028367291670292616,
        0.0027477031107991934,
        0.0027240316849201918,
        0.0026979062240570784,
        0.0026636046823114157,
        0.002646244131028652,
        0.002643976826220751,
        0.0026159484405070543,
        0.0026022333186119795,
        0.0026001485530287027
    ],
    "inference_time": 2.796175003051758,
    "annotated_image_path": "/app/images/output/000000004040.jpg",
    "total_det_loop_time": 2.852715253829956
}