{
    "objects_found": 100,
    "detection_class_entities": [
        "Toilet",
        "Toilet",
        "Toilet paper",
        "Bidet",
        "Bathroom accessory",
        "Bathroom accessory",
        "Home appliance",
        "Tap",
        "Bathroom accessory",
        "Toilet",
        "Picture frame",
        "Hand dryer",
        "Bidet",
        "Vehicle",
        "Bathroom accessory",
        "Medical equipment",
        "Toilet",
        "Bathroom accessory",
        "Shower",
        "Whiteboard",
        "Kitchen appliance",
        "Auto part",
        "Power plugs and sockets",
        "Refrigerator",
        "Medical equipment",
        "Hand dryer",
        "Hand dryer",
        "Door handle",
        "Home appliance",
        "Filing cabinet",
        "Power plugs and sockets",
        "Medical equipment",
        "Sink",
        "Toilet",
        "Bathroom accessory",
        "Kitchen appliance",
        "Furniture",
        "Adhesive tape",
        "Shelf",
        "Toilet",
        "Hand dryer",
        "Home appliance",
        "Door handle",
        "Bathroom accessory",
        "Window",
        "Bathroom accessory",
        "Home appliance",
        "Furniture",
        "Plumbing fixture",
        "Sink",
        "Medical equipment",
        "Drawer",
        "Hand dryer",
        "Furniture",
        "Office supplies",
        "Plumbing fixture",
        "Medical equipment",
        "Drawer",
        "Cabinetry",
        "Door",
        "Cassette deck",
        "Home appliance",
        "Mirror",
        "Table",
        "Office supplies",
        "Washing machine",
        "Dishwasher",
        "Bidet",
        "Bathroom accessory",
        "Bathroom cabinet",
        "Sink",
        "Plumbing fixture",
        "Door handle",
        "Bowling equipment",
        "Furniture",
        "Land vehicle",
        "Door",
        "Plumbing fixture",
        "Plumbing fixture",
        "Box",
        "Bidet",
        "Office supplies",
        "Medical equipment",
        "Vehicle",
        "Adhesive tape",
        "Plate",
        "Table",
        "Light switch",
        "Medical equipment",
        "Medical equipment",
        "Kitchen appliance",
        "Car",
        "Mirror",
        "Dishwasher",
        "Sink",
        "Camera",
        "Door",
        "Light switch",
        "Cabinetry",
        "Auto part"
    ],
    "detection_scores": [
        0.9787560701370239,
        0.7500116229057312,
        0.4001970887184143,
        0.3012583255767822,
        0.18951371312141418,
        0.14507900178432465,
        0.1273074448108673,
        0.1250295788049698,
        0.10704754292964935,
        0.10113410651683807,
        0.09538169950246811,
        0.08305185288190842,
        0.08232653886079788,
        0.08170965313911438,
        0.07083538919687271,
        0.06084294244647026,
        0.05789584293961525,
        0.055882662534713745,
        0.05412919819355011,
        0.053886789828538895,
        0.051139965653419495,
        0.0469607412815094,
        0.040696773678064346,
        0.038321055471897125,
        0.035489872097969055,
        0.03412511944770813,
        0.03280143067240715,
        0.028645647689700127,
        0.02851124107837677,
        0.02765689417719841,
        0.02747216448187828,
        0.026339294388890266,
        0.023914901539683342,
        0.023191381245851517,
        0.023069873452186584,
        0.018476024270057678,
        0.017477720975875854,
        0.01622738689184189,
        0.015966730192303658,
        0.015516945160925388,
        0.015377259813249111,
        0.015328790061175823,
        0.014573302119970322,
        0.014252260327339172,
        0.013644851744174957,
        0.013433246873319149,
        0.013229502364993095,
        0.012943482026457787,
        0.011619504541158676,
        0.011080360971391201,
        0.011050291359424591,
        0.010863485746085644,
        0.010614982806146145,
        0.01051110029220581,
        0.010176577605307102,
        0.010127774439752102,
        0.010036651976406574,
        0.009530127979815006,
        0.009376849979162216,
        0.009192011319100857,
        0.008481854572892189,
        0.008466899394989014,
        0.008458398282527924,
        0.008162254467606544,
        0.00801082793623209,
        0.00766223156824708,
        0.007652537431567907,
        0.007466718088835478,
        0.0073372856713831425,
        0.007100765127688646,
        0.0069767204113304615,
        0.006827734410762787,
        0.006740535143762827,
        0.006665956228971481,
        0.006593796424567699,
        0.00646565668284893,
        0.006297096610069275,
        0.006145311985164881,
        0.005877929739654064,
        0.005852185655385256,
        0.005758184939622879,
        0.005716871470212936,
        0.0056113554164767265,
        0.005237438250333071,
        0.005226904526352882,
        0.005102768540382385,
        0.004866626113653183,
        0.004738756455481052,
        0.004449352156370878,
        0.00433221785351634,
        0.0043126861564815044,
        0.004239307716488838,
        0.004147544503211975,
        0.004079024773091078,
        0.003977654036134481,
        0.003869433421641588,
        0.003768803086131811,
        0.0036864357534796,
        0.0036220704205334187,
        0.003559932578355074
    ],
    "inference_time": 3.125990629196167,
    "annotated_image_path": "/app/images/output/000000005898.jpg",
    "total_det_loop_time": 3.182922840118408
}