{
    "objects_found": 100,
    "detection_class_entities": [
        "Tennis ball",
        "Clothing",
        "Tennis racket",
        "Person",
        "Woman",
        "Human face",
        "Human arm",
        "Man",
        "Human arm",
        "Human arm",
        "Sports equipment",
        "Tennis racket",
        "Human arm",
        "Guitar",
        "Human arm",
        "Baseball bat",
        "Human hair",
        "Swimming pool",
        "Human arm",
        "Sports equipment",
        "Musical instrument",
        "Sports uniform",
        "Sports equipment",
        "Human arm",
        "Human head",
        "Human body",
        "Human hand",
        "Baseball bat",
        "Poster",
        "Girl",
        "Racket",
        "Human arm",
        "Human mouth",
        "Tennis racket",
        "Human arm",
        "Human arm",
        "Bow and arrow",
        "Clothing",
        "Human hair",
        "Clothing",
        "Human eye",
        "Guitar",
        "Human arm",
        "Clothing",
        "Toy",
        "Swimwear",
        "Window",
        "Human arm",
        "Table tennis racket",
        "Human hand",
        "Dress",
        "Human hand",
        "Clothing",
        "Human eye",
        "Racket",
        "Woman",
        "Human arm",
        "Toy",
        "Human leg",
        "Medical equipment",
        "Microphone",
        "Human hand",
        "Bow and arrow",
        "Human arm",
        "Human arm",
        "Trousers",
        "Mammal",
        "Musical instrument",
        "Sports equipment",
        "Ball",
        "Guitar",
        "Weapon",
        "Sports equipment",
        "Sports equipment",
        "Human leg",
        "Boy",
        "Human arm",
        "Fashion accessory",
        "Tennis racket",
        "Sports uniform",
        "Toothbrush",
        "Musical instrument",
        "Sports equipment",
        "Toy",
        "Tree",
        "Baseball bat",
        "Person",
        "Baseball bat",
        "Clothing",
        "Musical instrument",
        "Table tennis racket",
        "Fashion accessory",
        "Musical instrument",
        "Guitar",
        "Human leg",
        "Human arm",
        "Footwear",
        "Medical equipment",
        "Swimming pool",
        "Fashion accessory"
    ],
    "detection_scores": [
        0.7908258438110352,
        0.7686448693275452,
        0.7162591814994812,
        0.5914188027381897,
        0.5398054122924805,
        0.4773487448692322,
        0.4612176716327667,
        0.4519363045692444,
        0.3242439031600952,
        0.2829231321811676,
        0.2544204890727997,
        0.1987152397632599,
        0.14322452247142792,
        0.1308775693178177,
        0.13087405264377594,
        0.11441116780042648,
        0.08172561228275299,
        0.07889297604560852,
        0.07499365508556366,
        0.07174365967512131,
        0.05684618279337883,
        0.05621640756726265,
        0.05509559065103531,
        0.05339803919196129,
        0.052863385528326035,
        0.04840535670518875,
        0.04837246239185333,
        0.047487348318099976,
        0.04659078270196915,
        0.04447789490222931,
        0.0313115231692791,
        0.028486011549830437,
        0.027888098731637,
        0.02655702456831932,
        0.02653631381690502,
        0.02591678686439991,
        0.025784384459257126,
        0.023968735709786415,
        0.02357945591211319,
        0.023566938936710358,
        0.023142855614423752,
        0.023006979376077652,
        0.021154342219233513,
        0.016067393124103546,
        0.015606680884957314,
        0.015348976477980614,
        0.014822800643742085,
        0.014747505076229572,
        0.014168743044137955,
        0.013745893724262714,
        0.01323178131133318,
        0.013198543339967728,
        0.012841110117733479,
        0.01220784429460764,
        0.012163996696472168,
        0.011895104311406612,
        0.011802109889686108,
        0.01173266302794218,
        0.011201594956219196,
        0.010976351797580719,
        0.010506972670555115,
        0.010471392422914505,
        0.009237547405064106,
        0.00903837289661169,
        0.00903436727821827,
        0.009005669504404068,
        0.008982551284134388,
        0.008915258571505547,
        0.008643574081361294,
        0.008437509648501873,
        0.008361265994608402,
        0.007879557088017464,
        0.0076792496256530285,
        0.007295642979443073,
        0.006938037928193808,
        0.006720215547829866,
        0.006513629108667374,
        0.006343095097690821,
        0.006115561816841364,
        0.005882095079869032,
        0.005777847021818161,
        0.005725461523979902,
        0.0055417390540242195,
        0.005317857023328543,
        0.005301733501255512,
        0.005246880929917097,
        0.00510897021740675,
        0.0047423639334738255,
        0.004572859965264797,
        0.004563718568533659,
        0.0040889098308980465,
        0.004016709979623556,
        0.003944606054574251,
        0.0038330131210386753,
        0.0037212001625448465,
        0.003630322404205799,
        0.003622684394940734,
        0.003619956783950329,
        0.0035688551142811775,
        0.0034948638640344143
    ],
    "inference_time": 2.90704345703125,
    "annotated_image_path": "/app/images/output/000000002401.jpg",
    "total_det_loop_time": 2.9644227027893066
}